STATION,STATION_NAME,DATE,PRCP,SNWD,SNOW,TAVG,TMAX,TMIN,AWND,WDF2,WDF5,WSF2,WSF5,WT09,WT01,WT06,WT05,WT02,WT04,WT08,WT03
GHCND:USW00014764,PORTLAND INTERNATIONAL JETPORT ME US,20160101,0.01,3.9,0.3,36,41,30,7.4,310,320,18.1,25.1,-9999,1,-9999,-9999,-9999,1,1,-9999
GHCND:USW00014764,PORTLAND INTERNATIONAL JETPORT ME US,20160102,0.00,3.9,0.0,33,37,29,9.4,270,260,18.1,23.9,-9999,-9999,-9999,-9999,-9999,-9999,-9999,-9999
GHCND:USW00014764,PORTLAND INTERNATIONAL JETPORT ME US,20160103,0.00,3.9,0.0,35,40,26,8.5,260,240,17.0,23.0,-9999,-9999,-9999,-9999,-9999,-9999,-9999,-9999
GHCND:USW00014764,PORTLAND INTERNATIONAL JETPORT ME US,20160104,0.00,3.1,0.0,26,31,8,12.8,350,360,21.0,28.0,-9999,-9999,-9999,-9999,-9999,-9999,-9999,-9999
GHCND:USW00014764,PORTLAND INTERNATIONAL JETPORT ME US,20160105,0.00,3.1,0.0,13,26,4,7.2,340,340,19.9,23.9,-9999,-9999,-9999,-9999,-9999,-9999,-9999,-9999
GHCND:USW00014764,PORTLAND INTERNATIONAL JETPORT ME US,20160106,0.00,3.1,0.0,24,41,12,4.7,220,250,8.9,13.0,-9999,-9999,-9999,-9999,-9999,-9999,-9999,-9999
GHCND:USW00014764,PORTLAND INTERNATIONAL JETPORT ME US,20160107,0.00,3.1,0.0,28,39,12,2.2,30,40,6.9,8.1,-9999,-9999,-9999,-9999,-9999,-9999,-9999,-9999
GHCND:USW00014764,PORTLAND INTERNATIONAL JETPORT ME US,20160108,0.00,3.1,0.0,27,39,17,6.9,70,90,16.1,19.9,-9999,-9999,-9999,-9999,-9999,-9999,-9999,-9999
GHCND:USW00014764,PORTLAND INTERNATIONAL JETPORT ME US,20160109,0.07,3.1,0.2,34,36,30,4.9,50,60,14.1,17.0,-9999,1,-9999,-9999,-9999,-9999,-9999,-9999
GHCND:USW00014764,PORTLAND INTERNATIONAL JETPORT ME US,20160110,2.04,3.1,0.0,40,52,34,13.9,140,160,36.0,49.0,-9999,1,-9999,-9999,1,-9999,-9999,-9999
GHCND:USW00014764,PORTLAND INTERNATIONAL JETPORT ME US,20160111,0.00,0.0,0.0,38,47,23,14.3,270,240,25.9,36.0,-9999,-9999,-9999,-9999,-9999,-9999,-9999,-9999
GHCND:USW00014764,PORTLAND INTERNATIONAL JETPORT ME US,20160112,0.57,0.0,6.1,25,37,19,6.7,280,280,28.0,34.0,-9999,1,-9999,-9999,-9999,-9999,-9999,-9999
GHCND:USW00014764,PORTLAND INTERNATIONAL JETPORT ME US,20160113,0.01,5.1,0.6,26,27,16,14.5,290,300,31.1,44.1,1,1,-9999,-9999,-9999,-9999,1,-9999
GHCND:USW00014764,PORTLAND INTERNATIONAL JETPORT ME US,20160114,0.00,3.9,0.0,20,28,15,7.8,270,260,15.0,19.0,-9999,-9999,-9999,-9999,-9999,-9999,-9999,-9999
GHCND:USW00014764,PORTLAND INTERNATIONAL JETPORT ME US,20160115,0.00,3.9,0.0,22,30,10,2.9,240,230,8.9,12.1,-9999,-9999,-9999,-9999,-9999,-9999,-9999,-9999
GHCND:USW00014764,PORTLAND INTERNATIONAL JETPORT ME US,20160116,0.55,3.9,3.5,28,31,26,7.4,350,360,18.1,23.9,-9999,1,1,-9999,-9999,1,-9999,-9999
GHCND:USW00014764,PORTLAND INTERNATIONAL JETPORT ME US,20160117,0.00,7.1,0.0,29,32,25,5.1,340,340,10.1,12.1,-9999,-9999,-9999,-9999,-9999,-9999,-9999,-9999
GHCND:USW00014764,PORTLAND INTERNATIONAL JETPORT ME US,20160118,0.11,5.9,2.5,25,27,16,10.5,270,290,23.0,28.0,-9999,1,-9999,-9999,-9999,-9999,1,-9999
GHCND:USW00014764,PORTLAND INTERNATIONAL JETPORT ME US,20160119,0.00,7.9,0.0,16,18,12,12.1,290,310,29.1,36.9,1,-9999,-9999,-9999,-9999,-9999,1,-9999
GHCND:USW00014764,PORTLAND INTERNATIONAL JETPORT ME US,20160120,0.00,7.1,0.0,20,28,15,11.6,320,310,25.1,38.9,-9999,-9999,-9999,-9999,-9999,-9999,-9999,-9999
GHCND:USW00014764,PORTLAND INTERNATIONAL JETPORT ME US,20160121,0.00,7.1,0.0,18,27,2,7.4,310,340,23.0,31.1,-9999,-9999,-9999,-9999,-9999,-9999,-9999,-9999
GHCND:USW00014764,PORTLAND INTERNATIONAL JETPORT ME US,20160122,0.00,7.1,0.0,17,30,1,8.5,340,300,19.9,25.1,-9999,-9999,-9999,-9999,-9999,-9999,-9999,-9999
GHCND:USW00014764,PORTLAND INTERNATIONAL JETPORT ME US,20160123,0.00,7.1,0.0,18,20,14,11.2,360,360,19.9,25.9,-9999,-9999,-9999,-9999,-9999,-9999,-9999,-9999
GHCND:USW00014764,PORTLAND INTERNATIONAL JETPORT ME US,20160124,0.00,5.9,0.0,22,35,15,10.1,360,360,25.9,35.1,-9999,-9999,-9999,-9999,-9999,-9999,-9999,-9999
GHCND:USW00014764,PORTLAND INTERNATIONAL JETPORT ME US,20160125,0.00,5.9,0.0,28,34,17,4.3,150,150,8.9,12.1,-9999,-9999,-9999,-9999,-9999,-9999,-9999,-9999
GHCND:USW00014764,PORTLAND INTERNATIONAL JETPORT ME US,20160126,0.00,5.9,0.0,36,47,28,7.6,190,190,17.0,25.9,-9999,-9999,-9999,-9999,-9999,-9999,-9999,-9999
GHCND:USW00014764,PORTLAND INTERNATIONAL JETPORT ME US,20160127,0.00,3.9,0.0,42,46,23,8.5,260,280,19.9,27.1,-9999,-9999,-9999,-9999,-9999,-9999,-9999,-9999
GHCND:USW00014764,PORTLAND INTERNATIONAL JETPORT ME US,20160128,0.00,3.9,0.0,28,37,16,4.7,170,190,16.1,21.9,-9999,-9999,-9999,-9999,-9999,-9999,-9999,-9999
GHCND:USW00014764,PORTLAND INTERNATIONAL JETPORT ME US,20160129,0.00,3.9,0.0,33,35,29,3.8,330,320,10.1,13.0,-9999,1,-9999,-9999,-9999,1,-9999,-9999
GHCND:USW00014764,PORTLAND INTERNATIONAL JETPORT ME US,20160130,0.01,3.1,0.0,34,40,26,5.8,180,320,13.0,19.0,-9999,-9999,-9999,-9999,-9999,1,-9999,-9999
GHCND:USW00014764,PORTLAND INTERNATIONAL JETPORT ME US,20160131,0.00,3.1,0.0,40,51,34,5.8,210,210,15.0,21.0,-9999,-9999,-9999,-9999,-9999,-9999,-9999,-9999
GHCND:USW00014764,PORTLAND INTERNATIONAL JETPORT ME US,20160201,0.00,2.0,0.0,45,59,31,8.7,240,250,25.9,38.0,-9999,-9999,-9999,-9999,-9999,-9999,-9999,-9999
GHCND:USW00014764,PORTLAND INTERNATIONAL JETPORT ME US,20160202,0.00,0.0,0.0,37,48,25,4.9,60,290,13.0,16.1,-9999,-9999,-9999,-9999,-9999,-9999,-9999,-9999
GHCND:USW00014764,PORTLAND INTERNATIONAL JETPORT ME US,20160203,0.79,0.0,0.0,37,50,31,8.9,200,190,21.9,31.1,-9999,1,-9999,-9999,-9999,1,-9999,-9999
GHCND:USW00014764,PORTLAND INTERNATIONAL JETPORT ME US,20160204,0.00,0.0,0.0,45,55,38,4.9,260,270,15.0,19.9,-9999,1,-9999,-9999,-9999,-9999,-9999,-9999
GHCND:USW00014764,PORTLAND INTERNATIONAL JETPORT ME US,20160205,0.53,0.0,8.8,35,42,20,11.2,340,340,23.9,30.0,-9999,1,-9999,-9999,1,-9999,-9999,-9999
GHCND:USW00014764,PORTLAND INTERNATIONAL JETPORT ME US,20160206,0.00,5.9,0.0,24,35,11,6.9,210,200,14.1,19.9,-9999,-9999,-9999,-9999,-9999,-9999,-9999,-9999
GHCND:USW00014764,PORTLAND INTERNATIONAL JETPORT ME US,20160207,0.00,3.9,0.0,33,44,21,7.4,50,50,18.1,25.1,-9999,-9999,-9999,-9999,-9999,-9999,-9999,-9999
GHCND:USW00014764,PORTLAND INTERNATIONAL JETPORT ME US,20160208,0.24,3.9,4.4,22,28,16,15.7,10,340,23.9,31.1,-9999,1,-9999,-9999,-9999,-9999,-9999,-9999
GHCND:USW00014764,PORTLAND INTERNATIONAL JETPORT ME US,20160209,0.06,5.9,0.8,21,26,13,6.0,20,20,18.1,21.9,-9999,1,-9999,-9999,-9999,-9999,1,-9999
GHCND:USW00014764,PORTLAND INTERNATIONAL JETPORT ME US,20160210,0.00,5.9,0.0,24,34,13,4.5,160,250,10.1,14.1,-9999,-9999,-9999,-9999,-9999,-9999,-9999,-9999
GHCND:USW00014764,PORTLAND INTERNATIONAL JETPORT ME US,20160211,0.11,5.1,1.7,26,30,5,6.9,300,320,18.1,25.1,-9999,1,-9999,-9999,-9999,-9999,1,-9999
GHCND:USW00014764,PORTLAND INTERNATIONAL JETPORT ME US,20160212,0.00,5.9,0.0,10,21,-2,6.3,290,290,17.0,23.0,-9999,-9999,-9999,-9999,-9999,-9999,-9999,-9999
GHCND:USW00014764,PORTLAND INTERNATIONAL JETPORT ME US,20160213,0.00,5.9,0.0,13,22,-9,11.6,290,290,25.1,32.0,-9999,-9999,-9999,-9999,-9999,-9999,1,-9999
GHCND:USW00014764,PORTLAND INTERNATIONAL JETPORT ME US,20160214,0.00,5.1,0.0,-1,12,-10,11.0,320,340,21.0,28.0,-9999,-9999,-9999,-9999,-9999,-9999,1,-9999
GHCND:USW00014764,PORTLAND INTERNATIONAL JETPORT ME US,20160215,0.14,5.1,1.9,5,22,-10,4.9,160,150,10.1,13.0,-9999,1,-9999,-9999,-9999,-9999,1,-9999
GHCND:USW00014764,PORTLAND INTERNATIONAL JETPORT ME US,20160216,0.83,7.1,1.7,30,50,19,11.4,150,140,32.0,45.0,-9999,1,1,-9999,1,-9999,-9999,-9999
GHCND:USW00014764,PORTLAND INTERNATIONAL JETPORT ME US,20160217,0.00,1.2,0.0,41,47,30,6.5,260,260,16.1,23.0,-9999,-9999,-9999,-9999,-9999,-9999,-9999,-9999
GHCND:USW00014764,PORTLAND INTERNATIONAL JETPORT ME US,20160218,0.00,0.0,0.0,31,33,21,12.1,350,350,18.1,23.0,-9999,-9999,-9999,-9999,-9999,-9999,-9999,-9999
GHCND:USW00014764,PORTLAND INTERNATIONAL JETPORT ME US,20160219,0.00,0.0,0.0,25,36,14,6.9,240,200,17.0,19.9,-9999,1,-9999,-9999,-9999,-9999,-9999,-9999
GHCND:USW00014764,PORTLAND INTERNATIONAL JETPORT ME US,20160220,0.14,0.0,0.3,40,53,29,11.0,180,190,18.1,27.1,-9999,1,-9999,-9999,-9999,-9999,-9999,-9999
GHCND:USW00014764,PORTLAND INTERNATIONAL JETPORT ME US,20160221,0.00,0.0,0.0,46,52,29,8.9,290,270,19.9,30.0,-9999,-9999,-9999,-9999,-9999,-9999,-9999,-9999
GHCND:USW00014764,PORTLAND INTERNATIONAL JETPORT ME US,20160222,0.00,0.0,0.0,32,38,22,6.9,30,10,12.1,19.0,-9999,-9999,-9999,-9999,-9999,-9999,-9999,-9999
GHCND:USW00014764,PORTLAND INTERNATIONAL JETPORT ME US,20160223,0.00,0.0,0.0,25,35,16,8.1,70,40,14.1,19.0,-9999,-9999,-9999,-9999,-9999,-9999,-9999,-9999
GHCND:USW00014764,PORTLAND INTERNATIONAL JETPORT ME US,20160224,0.84,1.2,0.9,32,35,29,8.3,30,30,14.1,17.0,-9999,1,1,-9999,-9999,-9999,-9999,-9999
GHCND:USW00014764,PORTLAND INTERNATIONAL JETPORT ME US,20160225,0.49,0.0,0.0,45,53,35,14.3,180,170,23.9,36.9,-9999,1,-9999,-9999,1,-9999,-9999,1
GHCND:USW00014764,PORTLAND INTERNATIONAL JETPORT ME US,20160226,0.00,0.0,0.0,37,41,17,14.3,290,280,23.0,30.0,-9999,-9999,-9999,-9999,-9999,-9999,-9999,-9999
GHCND:USW00014764,PORTLAND INTERNATIONAL JETPORT ME US,20160227,0.00,0.0,0.0,22,35,13,8.5,190,200,17.0,25.1,-9999,-9999,-9999,-9999,-9999,-9999,-9999,-9999
GHCND:USW00014764,PORTLAND INTERNATIONAL JETPORT ME US,20160228,0.00,0.0,0.0,40,50,31,8.5,270,220,16.1,21.9,-9999,1,-9999,-9999,-9999,-9999,-9999,-9999
GHCND:USW00014764,PORTLAND INTERNATIONAL JETPORT ME US,20160229,0.00,0.0,0.0,40,59,25,7.6,270,270,23.9,33.1,-9999,-9999,-9999,-9999,-9999,-9999,-9999,-9999
GHCND:USW00014764,PORTLAND INTERNATIONAL JETPORT ME US,20160301,0.00,0.0,0.0,36,43,27,8.5,300,300,28.0,36.9,-9999,-9999,-9999,-9999,-9999,-9999,-9999,-9999
GHCND:USW00014764,PORTLAND INTERNATIONAL JETPORT ME US,20160302,0.92,0.0,0.2,38,49,19,14.8,280,270,29.1,36.0,-9999,1,-9999,-9999,-9999,-9999,-9999,-9999
GHCND:USW00014764,PORTLAND INTERNATIONAL JETPORT ME US,20160303,0.00,0.0,0.0,21,29,13,10.1,360,310,19.9,28.0,-9999,-9999,-9999,-9999,-9999,-9999,-9999,-9999
GHCND:USW00014764,PORTLAND INTERNATIONAL JETPORT ME US,20160304,0.00,0.0,0.0,20,26,14,9.2,350,50,15.0,21.0,-9999,-9999,-9999,-9999,-9999,-9999,-9999,-9999
GHCND:USW00014764,PORTLAND INTERNATIONAL JETPORT ME US,20160305,0.00,0.0,0.0,26,36,19,9.4,360,360,21.0,28.0,-9999,-9999,-9999,-9999,-9999,-9999,-9999,-9999
GHCND:USW00014764,PORTLAND INTERNATIONAL JETPORT ME US,20160306,0.00,0.0,0.0,31,39,24,4.9,160,130,14.1,18.1,-9999,-9999,-9999,-9999,-9999,-9999,-9999,-9999
GHCND:USW00014764,PORTLAND INTERNATIONAL JETPORT ME US,20160307,0.06,0.0,0.3,32,40,27,6.0,220,210,17.0,31.1,-9999,1,-9999,-9999,-9999,-9999,1,-9999
GHCND:USW00014764,PORTLAND INTERNATIONAL JETPORT ME US,20160308,0.00,0.0,0.0,36,48,25,4.5,190,180,15.0,19.9,-9999,1,-9999,-9999,-9999,-9999,-9999,-9999
GHCND:USW00014764,PORTLAND INTERNATIONAL JETPORT ME US,20160309,0.00,0.0,0.0,48,66,40,7.8,230,230,13.0,19.0,-9999,-9999,-9999,-9999,-9999,-9999,-9999,-9999
GHCND:USW00014764,PORTLAND INTERNATIONAL JETPORT ME US,20160310,0.71,0.0,0.0,57,66,41,6.7,90,260,17.0,21.9,-9999,1,-9999,-9999,-9999,-9999,-9999,-9999
GHCND:USW00014764,PORTLAND INTERNATIONAL JETPORT ME US,20160311,0.13,0.0,0.0,44,55,35,7.6,340,340,17.0,21.9,-9999,1,-9999,-9999,-9999,-9999,-9999,-9999
GHCND:USW00014764,PORTLAND INTERNATIONAL JETPORT ME US,20160312,0.00,0.0,0.0,39,49,27,7.8,180,200,21.9,28.0,-9999,-9999,-9999,-9999,-9999,-9999,-9999,-9999
GHCND:USW00014764,PORTLAND INTERNATIONAL JETPORT ME US,20160313,0.00,0.0,0.0,50,60,39,12.1,320,350,25.1,32.0,-9999,-9999,-9999,-9999,-9999,-9999,-9999,-9999
GHCND:USW00014764,PORTLAND INTERNATIONAL JETPORT ME US,20160314,0.03,0.0,0.0,38,40,30,11.0,100,90,18.1,23.9,-9999,1,-9999,-9999,-9999,-9999,-9999,-9999
GHCND:USW00014764,PORTLAND INTERNATIONAL JETPORT ME US,20160315,0.82,0.0,0.0,39,42,38,12.5,60,70,19.9,27.1,-9999,1,-9999,-9999,-9999,-9999,-9999,-9999
GHCND:USW00014764,PORTLAND INTERNATIONAL JETPORT ME US,20160316,0.08,0.0,0.0,44,53,39,9.6,60,20,19.9,23.9,-9999,1,-9999,-9999,-9999,-9999,-9999,-9999
GHCND:USW00014764,PORTLAND INTERNATIONAL JETPORT ME US,20160317,0.16,0.0,0.0,47,55,38,6.0,300,300,18.1,28.0,-9999,1,-9999,-9999,-9999,-9999,-9999,1
GHCND:USW00014764,PORTLAND INTERNATIONAL JETPORT ME US,20160318,0.01,0.0,0.0,44,52,31,10.7,310,310,23.0,29.1,-9999,-9999,-9999,1,-9999,-9999,-9999,-9999
GHCND:USW00014764,PORTLAND INTERNATIONAL JETPORT ME US,20160319,0.00,0.0,0.0,32,42,23,9.2,350,10,16.1,21.9,-9999,-9999,-9999,-9999,-9999,-9999,-9999,-9999
GHCND:USW00014764,PORTLAND INTERNATIONAL JETPORT ME US,20160320,0.00,0.0,0.0,28,35,20,5.8,160,150,13.0,18.1,-9999,-9999,-9999,-9999,-9999,-9999,-9999,-9999
GHCND:USW00014764,PORTLAND INTERNATIONAL JETPORT ME US,20160321,0.31,3.1,6.3,31,40,26,9.6,310,280,18.1,23.0,-9999,1,-9999,-9999,-9999,-9999,1,-9999
GHCND:USW00014764,PORTLAND INTERNATIONAL JETPORT ME US,20160322,0.00,2.0,0.0,35,46,27,11.4,290,300,23.9,31.1,-9999,-9999,-9999,-9999,-9999,-9999,-9999,-9999
GHCND:USW00014764,PORTLAND INTERNATIONAL JETPORT ME US,20160323,0.00,0.0,0.0,44,52,37,8.1,350,350,17.0,21.9,-9999,-9999,-9999,-9999,-9999,-9999,-9999,-9999
GHCND:USW00014764,PORTLAND INTERNATIONAL JETPORT ME US,20160324,0.06,0.0,0.3,33,37,28,11.6,70,80,16.1,23.0,-9999,1,1,-9999,-9999,-9999,1,-9999
GHCND:USW00014764,PORTLAND INTERNATIONAL JETPORT ME US,20160325,0.16,0.0,0.0,30,36,26,5.8,40,30,13.0,16.1,-9999,1,1,-9999,-9999,-9999,-9999,-9999
GHCND:USW00014764,PORTLAND INTERNATIONAL JETPORT ME US,20160326,0.00,0.0,0.0,36,42,32,6.7,90,40,13.0,17.0,-9999,-9999,-9999,-9999,-9999,-9999,-9999,-9999
GHCND:USW00014764,PORTLAND INTERNATIONAL JETPORT ME US,20160327,0.00,0.0,0.0,36,43,31,3.8,140,150,15.0,19.0,-9999,-9999,-9999,-9999,-9999,-9999,-9999,-9999
GHCND:USW00014764,PORTLAND INTERNATIONAL JETPORT ME US,20160328,0.92,0.0,0.0,38,43,33,7.2,70,60,15.0,19.9,-9999,1,-9999,-9999,-9999,-9999,-9999,-9999
GHCND:USW00014764,PORTLAND INTERNATIONAL JETPORT ME US,20160329,0.00,0.0,0.0,42,47,34,16.1,320,340,32.0,42.9,-9999,-9999,-9999,-9999,-9999,-9999,-9999,-9999
GHCND:USW00014764,PORTLAND INTERNATIONAL JETPORT ME US,20160330,0.00,0.0,0.0,38,49,24,8.3,180,190,19.9,28.0,-9999,-9999,-9999,-9999,-9999,-9999,-9999,-9999
GHCND:USW00014764,PORTLAND INTERNATIONAL JETPORT ME US,20160331,0.00,0.0,0.0,52,72,44,10.3,230,220,23.9,35.1,-9999,-9999,-9999,-9999,-9999,-9999,-9999,-9999
GHCND:USW00014764,PORTLAND INTERNATIONAL JETPORT ME US,20160401,0.07,0.0,0.0,56,64,51,10.5,180,170,23.0,30.0,-9999,1,-9999,-9999,-9999,-9999,-9999,-9999
GHCND:USW00014764,PORTLAND INTERNATIONAL JETPORT ME US,20160402,0.05,0.0,0.0,50,53,37,5.8,190,200,14.1,19.0,-9999,1,-9999,-9999,-9999,-9999,-9999,-9999
GHCND:USW00014764,PORTLAND INTERNATIONAL JETPORT ME US,20160403,0.02,0.0,0.2,35,38,20,16.1,310,280,36.9,49.0,-9999,1,-9999,-9999,1,-9999,-9999,-9999
GHCND:USW00014764,PORTLAND INTERNATIONAL JETPORT ME US,20160404,0.06,0.0,1.1,22,25,17,4.3,360,10,12.1,15.0,-9999,1,-9999,-9999,-9999,-9999,-9999,-9999
GHCND:USW00014764,PORTLAND INTERNATIONAL JETPORT ME US,20160405,0.00,1.2,0.0,27,37,19,10.5,340,310,21.0,30.0,-9999,-9999,-9999,-9999,-9999,-9999,-9999,-9999
GHCND:USW00014764,PORTLAND INTERNATIONAL JETPORT ME US,20160406,0.02,0.0,0.2,29,40,17,8.3,190,200,19.9,25.9,-9999,1,-9999,-9999,-9999,-9999,-9999,-9999
GHCND:USW00014764,PORTLAND INTERNATIONAL JETPORT ME US,20160407,0.48,0.0,0.0,44,50,40,15.2,150,160,31.1,45.0,-9999,1,-9999,-9999,-9999,-9999,-9999,-9999
GHCND:USW00014764,PORTLAND INTERNATIONAL JETPORT ME US,20160408,0.00,0.0,0.0,48,55,35,11.4,240,230,23.0,32.0,-9999,1,-9999,-9999,-9999,-9999,-9999,-9999
GHCND:USW00014764,PORTLAND INTERNATIONAL JETPORT ME US,20160409,0.00,0.0,0.0,37,47,26,9.4,340,360,23.9,31.1,-9999,-9999,-9999,-9999,-9999,-9999,-9999,-9999
GHCND:USW00014764,PORTLAND INTERNATIONAL JETPORT ME US,20160410,0.00,0.0,0.0,36,47,27,9.6,330,340,21.9,28.0,-9999,-9999,-9999,-9999,-9999,-9999,-9999,-9999
GHCND:USW00014764,PORTLAND INTERNATIONAL JETPORT ME US,20160411,0.01,0.0,0.0,41,50,32,8.9,180,160,19.9,27.1,-9999,-9999,-9999,-9999,-9999,-9999,-9999,-9999
GHCND:USW00014764,PORTLAND INTERNATIONAL JETPORT ME US,20160412,0.25,0.0,0.0,49,52,32,7.8,300,310,21.0,25.9,-9999,1,-9999,-9999,-9999,-9999,1,-9999
GHCND:USW00014764,PORTLAND INTERNATIONAL JETPORT ME US,20160413,0.00,0.0,0.0,41,54,28,6.3,360,340,16.1,21.9,-9999,-9999,-9999,-9999,-9999,-9999,-9999,-9999
GHCND:USW00014764,PORTLAND INTERNATIONAL JETPORT ME US,20160414,0.00,0.0,0.0,43,56,35,9.4,30,40,18.1,33.1,-9999,-9999,-9999,-9999,-9999,-9999,-9999,-9999
GHCND:USW00014764,PORTLAND INTERNATIONAL JETPORT ME US,20160415,0.00,0.0,0.0,45,59,35,12.5,350,30,23.0,38.9,-9999,-9999,-9999,-9999,-9999,-9999,-9999,-9999
GHCND:USW00014764,PORTLAND INTERNATIONAL JETPORT ME US,20160416,0.00,0.0,0.0,47,60,35,8.1,30,40,18.1,32.0,-9999,-9999,-9999,-9999,-9999,-9999,-9999,-9999
GHCND:USW00014764,PORTLAND INTERNATIONAL JETPORT ME US,20160417,0.00,0.0,0.0,45,60,30,4.9,180,160,14.1,17.0,-9999,-9999,-9999,-9999,-9999,-9999,-9999,-9999
GHCND:USW00014764,PORTLAND INTERNATIONAL JETPORT ME US,20160418,0.03,0.0,0.0,49,65,36,5.6,140,110,13.0,16.1,-9999,-9999,-9999,-9999,-9999,-9999,-9999,-9999
GHCND:USW00014764,PORTLAND INTERNATIONAL JETPORT ME US,20160419,0.16,0.0,0.0,46,57,41,6.5,340,350,19.9,25.9,-9999,1,-9999,-9999,-9999,-9999,-9999,-9999
GHCND:USW00014764,PORTLAND INTERNATIONAL JETPORT ME US,20160420,0.00,0.0,0.0,48,59,37,9.8,360,340,21.9,28.0,-9999,-9999,-9999,-9999,-9999,-9999,-9999,-9999
GHCND:USW00014764,PORTLAND INTERNATIONAL JETPORT ME US,20160421,0.00,0.0,0.0,51,68,32,5.6,160,150,15.0,19.0,-9999,-9999,-9999,-9999,-9999,-9999,-9999,-9999
GHCND:USW00014764,PORTLAND INTERNATIONAL JETPORT ME US,20160422,0.00,0.0,0.0,55,68,44,2.9,150,150,13.0,16.1,-9999,-9999,-9999,-9999,-9999,-9999,-9999,-9999
GHCND:USW00014764,PORTLAND INTERNATIONAL JETPORT ME US,20160423,0.01,0.0,0.0,56,64,43,10.7,330,330,25.1,29.1,-9999,-9999,-9999,-9999,-9999,-9999,-9999,-9999
GHCND:USW00014764,PORTLAND INTERNATIONAL JETPORT ME US,20160424,0.00,0.0,0.0,47,57,33,9.2,350,340,21.0,36.0,-9999,-9999,-9999,-9999,-9999,-9999,-9999,-9999
GHCND:USW00014764,PORTLAND INTERNATIONAL JETPORT ME US,20160425,0.00,0.0,0.0,46,62,28,8.3,170,190,18.1,31.1,-9999,-9999,-9999,-9999,-9999,-9999,-9999,-9999
GHCND:USW00014764,PORTLAND INTERNATIONAL JETPORT ME US,20160426,0.40,0.0,2.2,39,45,30,6.3,50,-9999,14.1,-9999,-9999,1,-9999,-9999,1,1,1,-9999
GHCND:USW00014764,PORTLAND INTERNATIONAL JETPORT ME US,20160427,0.00,1.2,0.0,40,56,27,7.6,280,290,21.0,28.0,-9999,-9999,-9999,-9999,-9999,-9999,-9999,-9999
GHCND:USW00014764,PORTLAND INTERNATIONAL JETPORT ME US,20160428,0.00,0.0,0.0,42,49,29,6.5,180,150,16.1,19.9,-9999,-9999,-9999,-9999,-9999,-9999,-9999,-9999
GHCND:USW00014764,PORTLAND INTERNATIONAL JETPORT ME US,20160429,0.00,0.0,0.0,40,49,33,7.4,160,160,15.0,19.9,-9999,-9999,-9999,-9999,-9999,-9999,-9999,-9999
GHCND:USW00014764,PORTLAND INTERNATIONAL JETPORT ME US,20160430,0.00,0.0,0.0,44,55,30,5.4,170,190,16.1,21.9,-9999,-9999,-9999,-9999,-9999,-9999,-9999,-9999
GHCND:USW00014764,PORTLAND INTERNATIONAL JETPORT ME US,20160501,0.02,0.0,0.0,45,52,38,5.4,190,170,15.0,21.0,-9999,-9999,-9999,-9999,-9999,-9999,-9999,-9999
GHCND:USW00014764,PORTLAND INTERNATIONAL JETPORT ME US,20160502,0.94,0.0,0.0,44,46,43,9.4,70,70,16.1,19.9,-9999,1,-9999,-9999,-9999,-9999,-9999,-9999
GHCND:USW00014764,PORTLAND INTERNATIONAL JETPORT ME US,20160503,0.00,0.0,0.0,46,52,41,3.8,10,360,14.1,17.0,-9999,-9999,-9999,-9999,-9999,-9999,-9999,-9999
GHCND:USW00014764,PORTLAND INTERNATIONAL JETPORT ME US,20160504,0.28,0.0,0.0,45,50,40,7.8,60,60,16.1,21.9,-9999,1,-9999,-9999,-9999,-9999,-9999,-9999
GHCND:USW00014764,PORTLAND INTERNATIONAL JETPORT ME US,20160505,0.24,0.0,0.0,45,48,43,11.6,20,20,17.0,21.9,-9999,1,-9999,-9999,-9999,-9999,-9999,-9999
GHCND:USW00014764,PORTLAND INTERNATIONAL JETPORT ME US,20160506,0.04,0.0,0.0,51,61,45,7.4,20,360,16.1,23.9,-9999,-9999,-9999,-9999,-9999,-9999,-9999,-9999
GHCND:USW00014764,PORTLAND INTERNATIONAL JETPORT ME US,20160507,0.00,0.0,0.0,47,49,45,7.6,90,90,15.0,18.1,-9999,1,-9999,-9999,-9999,-9999,-9999,-9999
GHCND:USW00014764,PORTLAND INTERNATIONAL JETPORT ME US,20160508,0.03,0.0,0.0,48,56,41,8.7,300,300,29.1,36.9,-9999,1,-9999,-9999,1,-9999,-9999,-9999
GHCND:USW00014764,PORTLAND INTERNATIONAL JETPORT ME US,20160509,0.00,0.0,0.0,47,57,38,12.3,290,280,28.0,38.0,-9999,-9999,-9999,-9999,-9999,-9999,-9999,-9999
GHCND:USW00014764,PORTLAND INTERNATIONAL JETPORT ME US,20160510,0.00,0.0,0.0,52,67,35,4.9,160,280,16.1,21.0,-9999,-9999,-9999,-9999,-9999,-9999,-9999,-9999
GHCND:USW00014764,PORTLAND INTERNATIONAL JETPORT ME US,20160511,0.00,0.0,0.0,57,73,40,7.6,190,360,19.9,25.9,-9999,-9999,-9999,-9999,-9999,-9999,-9999,-9999
GHCND:USW00014764,PORTLAND INTERNATIONAL JETPORT ME US,20160512,0.00,0.0,0.0,58,69,41,7.2,180,200,17.0,23.9,-9999,-9999,-9999,-9999,-9999,-9999,-9999,-9999
GHCND:USW00014764,PORTLAND INTERNATIONAL JETPORT ME US,20160513,0.19,0.0,0.0,54,62,46,5.1,160,150,16.1,19.9,-9999,1,-9999,-9999,1,-9999,-9999,-9999
GHCND:USW00014764,PORTLAND INTERNATIONAL JETPORT ME US,20160514,0.01,0.0,0.0,61,74,52,7.6,180,170,21.0,27.1,-9999,1,-9999,-9999,-9999,-9999,-9999,-9999
GHCND:USW00014764,PORTLAND INTERNATIONAL JETPORT ME US,20160515,0.01,0.0,0.0,55,58,43,13.4,290,270,28.0,38.0,-9999,-9999,-9999,-9999,-9999,-9999,-9999,-9999
GHCND:USW00014764,PORTLAND INTERNATIONAL JETPORT ME US,20160516,0.00,0.0,0.0,46,52,40,17.0,290,300,32.0,42.9,-9999,-9999,-9999,-9999,-9999,-9999,-9999,-9999
GHCND:USW00014764,PORTLAND INTERNATIONAL JETPORT ME US,20160517,0.00,0.0,0.0,54,69,40,10.3,300,310,23.0,29.1,-9999,-9999,-9999,-9999,-9999,-9999,-9999,-9999
GHCND:USW00014764,PORTLAND INTERNATIONAL JETPORT ME US,20160518,0.00,0.0,0.0,55,62,45,6.7,160,170,15.0,19.9,-9999,-9999,-9999,-9999,-9999,-9999,-9999,-9999
GHCND:USW00014764,PORTLAND INTERNATIONAL JETPORT ME US,20160519,0.00,0.0,0.0,54,66,44,4.9,150,150,14.1,19.0,-9999,-9999,-9999,-9999,-9999,-9999,-9999,-9999
GHCND:USW00014764,PORTLAND INTERNATIONAL JETPORT ME US,20160520,0.00,0.0,0.0,60,74,46,6.0,180,-9999,13.0,-9999,-9999,-9999,-9999,-9999,-9999,-9999,-9999,-9999
GHCND:USW00014764,PORTLAND INTERNATIONAL JETPORT ME US,20160521,0.00,0.0,0.0,63,76,49,8.7,190,200,23.9,32.0,-9999,-9999,-9999,-9999,-9999,-9999,-9999,-9999
GHCND:USW00014764,PORTLAND INTERNATIONAL JETPORT ME US,20160522,0.00,0.0,0.0,59,65,50,4.5,90,90,15.0,17.0,-9999,-9999,-9999,-9999,-9999,-9999,-9999,-9999
GHCND:USW00014764,PORTLAND INTERNATIONAL JETPORT ME US,20160523,0.00,0.0,0.0,61,76,46,5.8,150,140,15.0,19.9,-9999,-9999,-9999,-9999,-9999,-9999,-9999,-9999
GHCND:USW00014764,PORTLAND INTERNATIONAL JETPORT ME US,20160524,0.07,0.0,0.0,54,60,51,6.5,90,30,15.0,19.9,-9999,1,-9999,-9999,-9999,-9999,-9999,-9999
GHCND:USW00014764,PORTLAND INTERNATIONAL JETPORT ME US,20160525,0.01,0.0,0.0,56,65,51,4.9,160,180,13.0,16.1,-9999,1,-9999,-9999,1,-9999,-9999,-9999
GHCND:USW00014764,PORTLAND INTERNATIONAL JETPORT ME US,20160526,0.00,0.0,0.0,65,79,54,6.3,160,160,14.1,17.0,-9999,1,-9999,-9999,-9999,-9999,-9999,-9999
GHCND:USW00014764,PORTLAND INTERNATIONAL JETPORT ME US,20160527,0.11,0.0,0.0,57,59,52,7.4,90,90,15.0,19.0,-9999,1,-9999,-9999,-9999,-9999,-9999,-9999
GHCND:USW00014764,PORTLAND INTERNATIONAL JETPORT ME US,20160528,0.00,0.0,0.0,66,87,52,5.8,90,90,16.1,19.9,-9999,1,-9999,-9999,1,-9999,-9999,-9999
GHCND:USW00014764,PORTLAND INTERNATIONAL JETPORT ME US,20160529,0.00,0.0,0.0,57,59,51,9.6,100,80,16.1,19.9,-9999,1,-9999,-9999,-9999,-9999,-9999,-9999
GHCND:USW00014764,PORTLAND INTERNATIONAL JETPORT ME US,20160530,0.09,0.0,0.0,56,68,51,3.8,160,180,12.1,15.0,-9999,1,-9999,-9999,-9999,-9999,-9999,-9999
GHCND:USW00014764,PORTLAND INTERNATIONAL JETPORT ME US,20160531,0.00,0.0,0.0,73,87,61,7.6,270,240,18.1,23.0,-9999,1,-9999,-9999,1,-9999,-9999,-9999
GHCND:USW00014764,PORTLAND INTERNATIONAL JETPORT ME US,20160601,0.00,0.0,0.0,67,75,53,6.7,120,10,15.0,19.0,-9999,-9999,-9999,-9999,-9999,-9999,-9999,-9999
GHCND:USW00014764,PORTLAND INTERNATIONAL JETPORT ME US,20160602,0.00,0.0,0.0,58,63,51,8.1,110,110,14.1,21.0,-9999,1,-9999,-9999,-9999,-9999,-9999,-9999
GHCND:USW00014764,PORTLAND INTERNATIONAL JETPORT ME US,20160603,0.00,0.0,0.0,57,61,54,5.6,150,150,13.0,16.1,-9999,1,-9999,-9999,-9999,-9999,-9999,-9999
GHCND:USW00014764,PORTLAND INTERNATIONAL JETPORT ME US,20160604,0.02,0.0,0.0,61,73,56,4.5,160,180,13.0,14.1,-9999,1,-9999,-9999,1,-9999,1,-9999
GHCND:USW00014764,PORTLAND INTERNATIONAL JETPORT ME US,20160605,2.43,0.0,0.0,57,58,55,7.6,80,100,19.9,25.9,-9999,1,-9999,-9999,1,-9999,-9999,-9999
GHCND:USW00014764,PORTLAND INTERNATIONAL JETPORT ME US,20160606,0.01,0.0,0.0,63,82,56,6.3,260,220,16.1,23.9,-9999,1,-9999,-9999,-9999,-9999,-9999,-9999
GHCND:USW00014764,PORTLAND INTERNATIONAL JETPORT ME US,20160607,0.18,0.0,0.0,65,73,53,3.6,100,100,14.1,17.0,-9999,1,-9999,-9999,-9999,-9999,-9999,1
GHCND:USW00014764,PORTLAND INTERNATIONAL JETPORT ME US,20160608,0.01,0.0,0.0,65,74,53,12.3,320,310,23.9,31.1,-9999,1,-9999,-9999,-9999,-9999,-9999,-9999
GHCND:USW00014764,PORTLAND INTERNATIONAL JETPORT ME US,20160609,0.00,0.0,0.0,58,66,50,14.8,320,320,33.1,40.9,-9999,-9999,-9999,-9999,-9999,-9999,-9999,-9999
GHCND:USW00014764,PORTLAND INTERNATIONAL JETPORT ME US,20160610,0.00,0.0,0.0,59,70,50,8.5,320,360,17.0,25.1,-9999,-9999,-9999,-9999,-9999,-9999,-9999,-9999
GHCND:USW00014764,PORTLAND INTERNATIONAL JETPORT ME US,20160611,0.02,0.0,0.0,57,64,46,4.3,160,150,13.0,16.1,-9999,1,-9999,-9999,-9999,-9999,-9999,-9999
GHCND:USW00014764,PORTLAND INTERNATIONAL JETPORT ME US,20160612,0.00,0.0,0.0,60,75,51,11.0,290,330,30.0,40.0,-9999,1,-9999,-9999,-9999,-9999,-9999,-9999
GHCND:USW00014764,PORTLAND INTERNATIONAL JETPORT ME US,20160613,0.01,0.0,0.0,59,71,52,13.9,320,300,28.0,38.0,-9999,-9999,-9999,-9999,-9999,-9999,-9999,-9999
GHCND:USW00014764,PORTLAND INTERNATIONAL JETPORT ME US,20160614,0.00,0.0,0.0,63,75,56,14.3,310,300,25.1,36.0,-9999,-9999,-9999,-9999,-9999,-9999,-9999,-9999
GHCND:USW00014764,PORTLAND INTERNATIONAL JETPORT ME US,20160615,0.00,0.0,0.0,70,81,55,10.3,350,350,21.9,29.1,-9999,-9999,-9999,-9999,-9999,-9999,-9999,-9999
GHCND:USW00014764,PORTLAND INTERNATIONAL JETPORT ME US,20160616,0.00,0.0,0.0,67,82,50,4.7,140,20,16.1,21.9,-9999,-9999,-9999,-9999,-9999,-9999,-9999,-9999
GHCND:USW00014764,PORTLAND INTERNATIONAL JETPORT ME US,20160617,0.00,0.0,0.0,64,75,49,4.3,170,200,16.1,21.0,-9999,-9999,-9999,-9999,-9999,-9999,-9999,-9999
GHCND:USW00014764,PORTLAND INTERNATIONAL JETPORT ME US,20160618,0.00,0.0,0.0,63,72,52,6.5,170,150,13.0,17.0,-9999,-9999,-9999,-9999,-9999,-9999,-9999,-9999
GHCND:USW00014764,PORTLAND INTERNATIONAL JETPORT ME US,20160619,0.00,0.0,0.0,63,73,53,10.1,180,200,21.9,28.0,-9999,1,-9999,-9999,-9999,-9999,-9999,-9999
GHCND:USW00014764,PORTLAND INTERNATIONAL JETPORT ME US,20160620,0.00,0.0,0.0,65,74,58,9.4,180,200,18.1,27.1,-9999,-9999,-9999,-9999,-9999,-9999,-9999,-9999
GHCND:USW00014764,PORTLAND INTERNATIONAL JETPORT ME US,20160621,0.00,0.0,0.0,72,85,59,9.4,290,300,21.9,30.0,-9999,-9999,-9999,-9999,-9999,-9999,-9999,-9999
GHCND:USW00014764,PORTLAND INTERNATIONAL JETPORT ME US,20160622,0.09,0.0,0.0,65,75,53,5.4,310,250,18.1,25.1,-9999,1,-9999,-9999,-9999,-9999,-9999,-9999
GHCND:USW00014764,PORTLAND INTERNATIONAL JETPORT ME US,20160623,0.00,0.0,0.0,64,76,50,6.9,190,190,19.9,25.9,-9999,-9999,-9999,-9999,-9999,-9999,-9999,-9999
GHCND:USW00014764,PORTLAND INTERNATIONAL JETPORT ME US,20160624,0.00,0.0,0.0,65,76,53,5.8,180,180,15.0,19.9,-9999,-9999,-9999,-9999,-9999,-9999,-9999,-9999
GHCND:USW00014764,PORTLAND INTERNATIONAL JETPORT ME US,20160625,0.00,0.0,0.0,65,77,50,4.9,160,150,17.0,23.9,-9999,-9999,-9999,-9999,-9999,-9999,-9999,-9999
GHCND:USW00014764,PORTLAND INTERNATIONAL JETPORT ME US,20160626,0.00,0.0,0.0,65,77,52,5.1,180,170,16.1,23.0,-9999,1,-9999,-9999,-9999,-9999,-9999,-9999
GHCND:USW00014764,PORTLAND INTERNATIONAL JETPORT ME US,20160627,0.01,0.0,0.0,68,82,57,9.2,190,190,21.0,29.1,-9999,-9999,-9999,-9999,-9999,-9999,-9999,-9999
GHCND:USW00014764,PORTLAND INTERNATIONAL JETPORT ME US,20160628,0.73,0.0,0.0,68,72,63,9.2,190,190,15.0,21.9,-9999,1,-9999,-9999,-9999,-9999,-9999,-9999
GHCND:USW00014764,PORTLAND INTERNATIONAL JETPORT ME US,20160629,0.91,0.0,0.0,67,72,62,4.5,350,350,21.9,31.1,-9999,1,-9999,-9999,-9999,-9999,1,1
GHCND:USW00014764,PORTLAND INTERNATIONAL JETPORT ME US,20160630,0.00,0.0,0.0,69,82,58,6.5,180,330,16.1,30.0,-9999,1,-9999,-9999,-9999,-9999,-9999,-9999
GHCND:USW00014764,PORTLAND INTERNATIONAL JETPORT ME US,20160701,0.07,0.0,0.0,69,79,58,7.4,180,180,18.1,27.1,-9999,1,-9999,-9999,-9999,-9999,-9999,1
GHCND:USW00014764,PORTLAND INTERNATIONAL JETPORT ME US,20160702,0.00,0.0,0.0,69,78,55,11.2,300,300,23.9,29.1,-9999,1,-9999,-9999,-9999,-9999,-9999,-9999
GHCND:USW00014764,PORTLAND INTERNATIONAL JETPORT ME US,20160703,0.00,0.0,0.0,68,82,54,9.2,300,280,21.0,30.0,-9999,-9999,-9999,-9999,-9999,-9999,-9999,-9999
GHCND:USW00014764,PORTLAND INTERNATIONAL JETPORT ME US,20160704,0.00,0.0,0.0,72,86,57,7.4,260,210,17.0,23.9,-9999,-9999,-9999,-9999,-9999,-9999,-9999,-9999
GHCND:USW00014764,PORTLAND INTERNATIONAL JETPORT ME US,20160705,0.00,0.0,0.0,71,81,60,5.4,180,180,16.1,21.0,-9999,1,-9999,-9999,-9999,-9999,-9999,-9999
GHCND:USW00014764,PORTLAND INTERNATIONAL JETPORT ME US,20160706,0.00,0.0,0.0,74,88,61,6.3,80,80,15.0,18.1,-9999,1,-9999,-9999,-9999,-9999,-9999,-9999
GHCND:USW00014764,PORTLAND INTERNATIONAL JETPORT ME US,20160707,0.01,0.0,0.0,65,69,60,6.7,60,50,14.1,17.0,-9999,1,-9999,-9999,-9999,-9999,-9999,-9999
GHCND:USW00014764,PORTLAND INTERNATIONAL JETPORT ME US,20160708,0.00,0.0,0.0,63,69,58,8.5,50,50,14.1,17.0,-9999,1,-9999,-9999,-9999,-9999,-9999,-9999
GHCND:USW00014764,PORTLAND INTERNATIONAL JETPORT ME US,20160709,0.36,0.0,0.0,58,59,56,9.4,80,90,15.0,19.0,-9999,1,-9999,-9999,-9999,-9999,-9999,-9999
GHCND:USW00014764,PORTLAND INTERNATIONAL JETPORT ME US,20160710,0.22,0.0,0.0,59,63,56,5.8,110,100,12.1,15.0,-9999,1,-9999,-9999,-9999,-9999,-9999,-9999
GHCND:USW00014764,PORTLAND INTERNATIONAL JETPORT ME US,20160711,0.00,0.0,0.0,68,81,59,6.0,10,340,16.1,21.9,-9999,-9999,-9999,-9999,-9999,-9999,-9999,-9999
GHCND:USW00014764,PORTLAND INTERNATIONAL JETPORT ME US,20160712,0.00,0.0,0.0,71,86,57,5.1,190,150,13.0,16.1,-9999,-9999,-9999,-9999,-9999,-9999,-9999,-9999
GHCND:USW00014764,PORTLAND INTERNATIONAL JETPORT ME US,20160713,0.00,0.0,0.0,72,82,59,6.5,180,150,15.0,21.0,-9999,-9999,-9999,-9999,-9999,-9999,-9999,-9999
GHCND:USW00014764,PORTLAND INTERNATIONAL JETPORT ME US,20160714,0.43,0.0,0.0,73,79,67,9.8,180,200,21.0,29.1,-9999,1,-9999,-9999,-9999,-9999,-9999,1
GHCND:USW00014764,PORTLAND INTERNATIONAL JETPORT ME US,20160715,0.00,0.0,0.0,79,91,69,6.9,270,250,18.1,23.0,-9999,1,-9999,-9999,-9999,-9999,-9999,-9999
GHCND:USW00014764,PORTLAND INTERNATIONAL JETPORT ME US,20160716,0.00,0.0,0.0,78,87,69,7.6,280,290,17.0,23.0,-9999,-9999,-9999,-9999,-9999,-9999,-9999,-9999
GHCND:USW00014764,PORTLAND INTERNATIONAL JETPORT ME US,20160717,0.19,0.0,0.0,72,78,64,5.6,280,280,18.1,21.9,-9999,1,-9999,-9999,1,-9999,-9999,-9999
GHCND:USW00014764,PORTLAND INTERNATIONAL JETPORT ME US,20160718,0.00,0.0,0.0,72,85,64,5.8,230,220,19.9,25.1,-9999,1,-9999,-9999,1,-9999,-9999,1
GHCND:USW00014764,PORTLAND INTERNATIONAL JETPORT ME US,20160719,0.00,0.0,0.0,72,79,58,8.5,310,310,21.9,30.0,-9999,-9999,-9999,-9999,-9999,-9999,-9999,-9999
GHCND:USW00014764,PORTLAND INTERNATIONAL JETPORT ME US,20160720,0.00,0.0,0.0,69,82,55,10.3,300,290,21.9,28.0,-9999,-9999,-9999,-9999,-9999,-9999,-9999,-9999
GHCND:USW00014764,PORTLAND INTERNATIONAL JETPORT ME US,20160721,0.00,0.0,0.0,71,84,55,5.6,160,150,14.1,19.0,-9999,-9999,-9999,-9999,-9999,-9999,-9999,-9999
GHCND:USW00014764,PORTLAND INTERNATIONAL JETPORT ME US,20160722,0.00,0.0,0.0,78,95,66,8.9,310,330,29.1,40.9,-9999,-9999,-9999,-9999,-9999,-9999,-9999,1
GHCND:USW00014764,PORTLAND INTERNATIONAL JETPORT ME US,20160723,0.01,0.0,0.0,76,89,67,6.5,340,340,46.1,52.1,-9999,1,-9999,-9999,-9999,-9999,-9999,1
GHCND:USW00014764,PORTLAND INTERNATIONAL JETPORT ME US,20160724,0.00,0.0,0.0,73,84,64,5.8,350,350,14.1,17.0,-9999,-9999,-9999,-9999,-9999,-9999,-9999,-9999
GHCND:USW00014764,PORTLAND INTERNATIONAL JETPORT ME US,20160725,0.37,0.0,0.0,72,84,61,4.7,160,160,13.0,19.9,-9999,1,-9999,-9999,-9999,-9999,-9999,1
GHCND:USW00014764,PORTLAND INTERNATIONAL JETPORT ME US,20160726,0.00,0.0,0.0,77,90,66,6.9,330,330,17.0,25.1,-9999,1,-9999,-9999,1,-9999,1,-9999
GHCND:USW00014764,PORTLAND INTERNATIONAL JETPORT ME US,20160727,0.00,0.0,0.0,76,85,64,6.5,200,200,15.0,19.0,-9999,-9999,-9999,-9999,-9999,-9999,-9999,-9999
GHCND:USW00014764,PORTLAND INTERNATIONAL JETPORT ME US,20160728,0.00,0.0,0.0,75,87,64,3.8,200,210,14.1,21.0,-9999,-9999,-9999,-9999,-9999,-9999,-9999,1
GHCND:USW00014764,PORTLAND INTERNATIONAL JETPORT ME US,20160729,0.00,0.0,0.0,74,82,66,4.3,50,50,12.1,16.1,-9999,-9999,-9999,-9999,-9999,-9999,-9999,-9999
GHCND:USW00014764,PORTLAND INTERNATIONAL JETPORT ME US,20160730,0.00,0.0,0.0,73,84,64,5.8,330,330,14.1,19.0,-9999,-9999,-9999,-9999,-9999,-9999,-9999,-9999
GHCND:USW00014764,PORTLAND INTERNATIONAL JETPORT ME US,20160731,0.04,0.0,0.0,69,71,65,3.4,320,30,8.9,11.0,-9999,-9999,-9999,-9999,-9999,-9999,-9999,-9999
GHCND:USW00014764,PORTLAND INTERNATIONAL JETPORT ME US,20160801,0.06,0.0,0.0,68,71,65,3.1,80,90,8.9,11.0,-9999,1,-9999,-9999,-9999,-9999,1,-9999
GHCND:USW00014764,PORTLAND INTERNATIONAL JETPORT ME US,20160802,0.00,0.0,0.0,69,77,59,4.3,80,90,14.1,17.0,-9999,1,-9999,-9999,-9999,-9999,-9999,-9999
GHCND:USW00014764,PORTLAND INTERNATIONAL JETPORT ME US,20160803,0.00,0.0,0.0,69,84,55,5.6,180,190,16.1,21.0,-9999,-9999,-9999,-9999,-9999,-9999,-9999,-9999
GHCND:USW00014764,PORTLAND INTERNATIONAL JETPORT ME US,20160804,0.00,0.0,0.0,71,83,59,7.6,180,180,19.9,28.0,-9999,-9999,-9999,-9999,-9999,-9999,-9999,-9999
GHCND:USW00014764,PORTLAND INTERNATIONAL JETPORT ME US,20160805,0.00,0.0,0.0,72,82,62,8.9,190,170,23.0,32.0,-9999,-9999,-9999,-9999,-9999,-9999,-9999,-9999
GHCND:USW00014764,PORTLAND INTERNATIONAL JETPORT ME US,20160806,0.00,0.0,0.0,77,94,68,9.4,250,260,21.9,32.0,-9999,-9999,-9999,-9999,-9999,-9999,-9999,1
GHCND:USW00014764,PORTLAND INTERNATIONAL JETPORT ME US,20160807,0.00,0.0,0.0,76,87,62,9.4,320,290,21.9,30.0,-9999,-9999,-9999,-9999,-9999,-9999,-9999,-9999
GHCND:USW00014764,PORTLAND INTERNATIONAL JETPORT ME US,20160808,0.00,0.0,0.0,73,87,56,6.9,290,270,23.0,30.0,-9999,-9999,-9999,-9999,-9999,-9999,-9999,-9999
GHCND:USW00014764,PORTLAND INTERNATIONAL JETPORT ME US,20160809,0.00,0.0,0.0,68,79,55,4.9,150,150,15.0,19.0,-9999,-9999,-9999,-9999,-9999,-9999,-9999,-9999
GHCND:USW00014764,PORTLAND INTERNATIONAL JETPORT ME US,20160810,0.10,0.0,0.0,65,70,57,3.6,190,180,12.1,16.1,-9999,1,-9999,-9999,1,-9999,-9999,-9999
GHCND:USW00014764,PORTLAND INTERNATIONAL JETPORT ME US,20160811,0.00,0.0,0.0,76,90,66,4.5,160,170,15.0,21.0,-9999,1,-9999,-9999,1,-9999,-9999,-9999
GHCND:USW00014764,PORTLAND INTERNATIONAL JETPORT ME US,20160812,0.34,0.0,0.0,81,99,66,7.8,350,360,29.1,35.1,-9999,1,-9999,-9999,-9999,-9999,-9999,-9999
GHCND:USW00014764,PORTLAND INTERNATIONAL JETPORT ME US,20160813,0.20,0.0,0.0,66,68,62,6.7,90,100,14.1,17.0,-9999,1,-9999,-9999,-9999,-9999,-9999,-9999
GHCND:USW00014764,PORTLAND INTERNATIONAL JETPORT ME US,20160814,0.00,0.0,0.0,74,94,63,7.4,260,270,19.9,29.1,-9999,1,-9999,-9999,1,-9999,-9999,-9999
GHCND:USW00014764,PORTLAND INTERNATIONAL JETPORT ME US,20160815,0.00,0.0,0.0,79,86,65,6.5,350,320,17.0,23.0,-9999,-9999,-9999,-9999,-9999,-9999,-9999,-9999
GHCND:USW00014764,PORTLAND INTERNATIONAL JETPORT ME US,20160816,0.45,0.0,0.0,70,79,60,5.1,90,90,13.0,15.0,-9999,1,-9999,-9999,-9999,-9999,-9999,-9999
GHCND:USW00014764,PORTLAND INTERNATIONAL JETPORT ME US,20160817,0.00,0.0,0.0,75,84,63,11.0,310,330,29.1,42.9,-9999,1,-9999,-9999,-9999,-9999,-9999,-9999
GHCND:USW00014764,PORTLAND INTERNATIONAL JETPORT ME US,20160818,0.00,0.0,0.0,73,88,59,4.9,290,290,16.1,21.9,-9999,-9999,-9999,-9999,-9999,-9999,-9999,-9999
GHCND:USW00014764,PORTLAND INTERNATIONAL JETPORT ME US,20160819,0.00,0.0,0.0,75,86,64,6.5,330,360,15.0,25.1,-9999,-9999,-9999,-9999,-9999,-9999,-9999,-9999
GHCND:USW00014764,PORTLAND INTERNATIONAL JETPORT ME US,20160820,0.00,0.0,0.0,69,78,59,6.7,150,140,17.0,21.0,-9999,-9999,-9999,-9999,-9999,-9999,-9999,-9999
GHCND:USW00014764,PORTLAND INTERNATIONAL JETPORT ME US,20160821,0.01,0.0,0.0,70,77,62,7.4,130,120,16.1,21.9,-9999,1,-9999,-9999,-9999,-9999,-9999,-9999
GHCND:USW00014764,PORTLAND INTERNATIONAL JETPORT ME US,20160822,0.69,0.0,0.0,71,78,57,9.6,350,350,21.0,27.1,-9999,1,-9999,-9999,-9999,-9999,-9999,-9999
GHCND:USW00014764,PORTLAND INTERNATIONAL JETPORT ME US,20160823,0.00,0.0,0.0,67,80,53,6.7,260,280,13.0,19.0,-9999,-9999,-9999,-9999,-9999,-9999,-9999,-9999
GHCND:USW00014764,PORTLAND INTERNATIONAL JETPORT ME US,20160824,0.00,0.0,0.0,71,86,58,5.8,190,160,15.0,19.9,-9999,-9999,-9999,-9999,-9999,-9999,-9999,-9999
GHCND:USW00014764,PORTLAND INTERNATIONAL JETPORT ME US,20160825,0.00,0.0,0.0,73,81,66,7.2,190,190,17.0,23.9,-9999,-9999,-9999,-9999,-9999,-9999,-9999,-9999
GHCND:USW00014764,PORTLAND INTERNATIONAL JETPORT ME US,20160826,0.05,0.0,0.0,76,88,65,6.5,310,320,13.0,17.0,-9999,1,-9999,-9999,-9999,-9999,-9999,-9999
GHCND:USW00014764,PORTLAND INTERNATIONAL JETPORT ME US,20160827,0.00,0.0,0.0,74,87,62,4.9,320,350,15.0,19.0,-9999,-9999,-9999,-9999,-9999,-9999,-9999,-9999
GHCND:USW00014764,PORTLAND INTERNATIONAL JETPORT ME US,20160828,0.00,0.0,0.0,69,79,59,6.7,170,190,16.1,23.0,-9999,-9999,-9999,-9999,-9999,-9999,-9999,-9999
GHCND:USW00014764,PORTLAND INTERNATIONAL JETPORT ME US,20160829,0.00,0.0,0.0,74,86,61,10.5,340,310,25.1,35.1,-9999,-9999,-9999,-9999,-9999,-9999,-9999,-9999
GHCND:USW00014764,PORTLAND INTERNATIONAL JETPORT ME US,20160830,0.00,0.0,0.0,68,80,54,6.3,180,170,16.1,21.0,-9999,-9999,-9999,-9999,-9999,-9999,-9999,-9999
GHCND:USW00014764,PORTLAND INTERNATIONAL JETPORT ME US,20160831,0.00,0.0,0.0,69,82,60,4.0,290,260,14.1,19.0,-9999,-9999,-9999,-9999,-9999,-9999,-9999,-9999
GHCND:USW00014764,PORTLAND INTERNATIONAL JETPORT ME US,20160901,0.00,0.0,0.0,72,81,65,5.6,340,330,14.1,19.0,-9999,1,-9999,-9999,-9999,-9999,-9999,-9999
GHCND:USW00014764,PORTLAND INTERNATIONAL JETPORT ME US,20160902,0.00,0.0,0.0,69,77,57,6.5,360,360,14.1,19.0,-9999,-9999,-9999,-9999,-9999,-9999,-9999,-9999
GHCND:USW00014764,PORTLAND INTERNATIONAL JETPORT ME US,20160903,0.00,0.0,0.0,64,77,53,3.8,320,20,12.1,16.1,-9999,-9999,-9999,-9999,-9999,-9999,-9999,-9999
GHCND:USW00014764,PORTLAND INTERNATIONAL JETPORT ME US,20160904,0.00,0.0,0.0,63,75,51,3.6,100,90,12.1,14.1,-9999,-9999,-9999,-9999,-9999,-9999,-9999,-9999
GHCND:USW00014764,PORTLAND INTERNATIONAL JETPORT ME US,20160905,0.00,0.0,0.0,62,74,51,6.5,100,90,17.0,19.9,-9999,-9999,-9999,-9999,-9999,-9999,-9999,-9999
GHCND:USW00014764,PORTLAND INTERNATIONAL JETPORT ME US,20160906,0.02,0.0,0.0,66,71,62,6.0,10,360,14.1,21.9,-9999,1,-9999,-9999,1,-9999,1,-9999
GHCND:USW00014764,PORTLAND INTERNATIONAL JETPORT ME US,20160907,0.05,0.0,0.0,66,71,63,4.3,80,90,8.9,11.0,-9999,1,-9999,-9999,1,-9999,-9999,-9999
GHCND:USW00014764,PORTLAND INTERNATIONAL JETPORT ME US,20160908,0.00,0.0,0.0,69,76,65,4.9,80,80,13.0,14.1,-9999,1,-9999,-9999,1,-9999,1,-9999
GHCND:USW00014764,PORTLAND INTERNATIONAL JETPORT ME US,20160909,0.00,0.0,0.0,75,91,62,3.4,320,320,15.0,19.9,-9999,1,-9999,-9999,-9999,-9999,-9999,-9999
GHCND:USW00014764,PORTLAND INTERNATIONAL JETPORT ME US,20160910,0.00,0.0,0.0,70,81,58,4.7,140,140,14.1,17.0,-9999,1,-9999,-9999,-9999,-9999,-9999,-9999
GHCND:USW00014764,PORTLAND INTERNATIONAL JETPORT ME US,20160911,0.16,0.0,0.0,71,80,53,8.9,270,280,28.0,38.0,-9999,1,-9999,-9999,1,-9999,1,1
GHCND:USW00014764,PORTLAND INTERNATIONAL JETPORT ME US,20160912,0.00,0.0,0.0,61,75,44,5.1,190,200,15.0,19.0,-9999,-9999,-9999,-9999,-9999,-9999,-9999,-9999
GHCND:USW00014764,PORTLAND INTERNATIONAL JETPORT ME US,20160913,0.00,0.0,0.0,64,80,48,5.6,180,170,16.1,23.0,-9999,-9999,-9999,-9999,-9999,-9999,-9999,-9999
GHCND:USW00014764,PORTLAND INTERNATIONAL JETPORT ME US,20160914,0.00,0.0,0.0,70,86,56,11.0,340,340,25.9,34.0,-9999,-9999,-9999,-9999,-9999,-9999,-9999,-9999
GHCND:USW00014764,PORTLAND INTERNATIONAL JETPORT ME US,20160915,0.00,0.0,0.0,60,69,48,5.6,170,170,12.1,17.0,-9999,-9999,-9999,-9999,-9999,-9999,-9999,-9999
GHCND:USW00014764,PORTLAND INTERNATIONAL JETPORT ME US,20160916,0.00,0.0,0.0,57,70,44,8.1,170,190,18.1,25.9,-9999,-9999,-9999,-9999,-9999,-9999,-9999,-9999
GHCND:USW00014764,PORTLAND INTERNATIONAL JETPORT ME US,20160917,0.00,0.0,0.0,62,70,53,8.5,170,170,18.1,25.9,-9999,-9999,-9999,-9999,-9999,-9999,-9999,-9999
GHCND:USW00014764,PORTLAND INTERNATIONAL JETPORT ME US,20160918,0.11,0.0,0.0,67,77,63,5.8,230,230,14.1,19.0,-9999,1,-9999,-9999,-9999,-9999,-9999,-9999
GHCND:USW00014764,PORTLAND INTERNATIONAL JETPORT ME US,20160919,0.23,0.0,0.0,69,73,65,2.9,330,330,8.9,12.1,-9999,1,-9999,-9999,1,-9999,-9999,1
GHCND:USW00014764,PORTLAND INTERNATIONAL JETPORT ME US,20160920,0.00,0.0,0.0,68,76,64,4.9,170,170,15.0,21.0,-9999,1,-9999,-9999,1,-9999,-9999,-9999
GHCND:USW00014764,PORTLAND INTERNATIONAL JETPORT ME US,20160921,0.00,0.0,0.0,71,83,59,5.8,360,360,14.1,18.1,-9999,-9999,-9999,-9999,-9999,-9999,-9999,-9999
GHCND:USW00014764,PORTLAND INTERNATIONAL JETPORT ME US,20160922,0.00,0.0,0.0,68,80,56,5.6,160,200,15.0,19.0,-9999,-9999,-9999,-9999,-9999,-9999,-9999,-9999
GHCND:USW00014764,PORTLAND INTERNATIONAL JETPORT ME US,20160923,0.05,0.0,0.0,65,74,49,7.8,10,40,18.1,23.0,-9999,-9999,-9999,-9999,-9999,-9999,-9999,-9999
GHCND:USW00014764,PORTLAND INTERNATIONAL JETPORT ME US,20160924,0.00,0.0,0.0,56,67,43,8.1,340,360,21.9,30.0,-9999,-9999,-9999,-9999,-9999,-9999,-9999,-9999
GHCND:USW00014764,PORTLAND INTERNATIONAL JETPORT ME US,20160925,0.00,0.0,0.0,54,64,42,11.0,340,350,23.0,30.0,-9999,-9999,-9999,-9999,-9999,-9999,-9999,-9999
GHCND:USW00014764,PORTLAND INTERNATIONAL JETPORT ME US,20160926,0.00,0.0,0.0,51,65,39,6.7,160,170,15.0,19.9,-9999,-9999,-9999,-9999,-9999,-9999,-9999,-9999
GHCND:USW00014764,PORTLAND INTERNATIONAL JETPORT ME US,20160927,0.24,0.0,0.0,60,71,54,4.3,70,70,15.0,21.0,-9999,1,-9999,-9999,-9999,-9999,-9999,-9999
GHCND:USW00014764,PORTLAND INTERNATIONAL JETPORT ME US,20160928,0.00,0.0,0.0,56,62,53,9.2,20,30,16.1,19.9,-9999,-9999,-9999,-9999,-9999,-9999,-9999,-9999
GHCND:USW00014764,PORTLAND INTERNATIONAL JETPORT ME US,20160929,0.00,0.0,0.0,55,64,45,7.8,40,40,18.1,25.9,-9999,-9999,-9999,-9999,-9999,-9999,-9999,-9999
GHCND:USW00014764,PORTLAND INTERNATIONAL JETPORT ME US,20160930,0.00,0.0,0.0,51,60,44,6.7,100,100,15.0,18.1,-9999,-9999,-9999,-9999,-9999,-9999,-9999,-9999
GHCND:USW00014764,PORTLAND INTERNATIONAL JETPORT ME US,20161001,0.33,0.0,0.0,54,59,50,6.9,30,30,14.1,18.1,-9999,1,-9999,-9999,-9999,-9999,-9999,-9999
GHCND:USW00014764,PORTLAND INTERNATIONAL JETPORT ME US,20161002,0.02,0.0,0.0,53,59,49,4.7,30,10,12.1,15.0,-9999,1,-9999,-9999,-9999,-9999,-9999,-9999
GHCND:USW00014764,PORTLAND INTERNATIONAL JETPORT ME US,20161003,0.00,0.0,0.0,58,70,52,7.8,100,100,17.0,23.0,-9999,1,-9999,-9999,-9999,-9999,-9999,-9999
GHCND:USW00014764,PORTLAND INTERNATIONAL JETPORT ME US,20161004,0.00,0.0,0.0,55,59,42,6.3,80,90,13.0,16.1,-9999,-9999,-9999,-9999,-9999,-9999,-9999,-9999
GHCND:USW00014764,PORTLAND INTERNATIONAL JETPORT ME US,20161005,0.00,0.0,0.0,50,63,36,2.9,90,130,10.1,13.0,-9999,-9999,-9999,-9999,-9999,-9999,-9999,-9999
GHCND:USW00014764,PORTLAND INTERNATIONAL JETPORT ME US,20161006,0.00,0.0,0.0,53,71,39,3.6,190,200,13.0,16.1,-9999,-9999,-9999,-9999,-9999,-9999,-9999,-9999
GHCND:USW00014764,PORTLAND INTERNATIONAL JETPORT ME US,20161007,0.00,0.0,0.0,58,74,44,3.8,160,200,10.1,14.1,-9999,1,-9999,-9999,1,-9999,-9999,-9999
GHCND:USW00014764,PORTLAND INTERNATIONAL JETPORT ME US,20161008,0.00,0.0,0.0,56,65,47,4.5,160,180,14.1,18.1,-9999,1,-9999,-9999,1,-9999,-9999,-9999
GHCND:USW00014764,PORTLAND INTERNATIONAL JETPORT ME US,20161009,0.81,0.0,0.0,55,61,47,8.1,10,360,21.9,27.1,-9999,1,-9999,-9999,-9999,-9999,-9999,-9999
GHCND:USW00014764,PORTLAND INTERNATIONAL JETPORT ME US,20161010,0.00,0.0,0.0,50,58,39,13.0,360,360,28.0,38.0,-9999,-9999,-9999,-9999,-9999,-9999,-9999,-9999
GHCND:USW00014764,PORTLAND INTERNATIONAL JETPORT ME US,20161011,0.00,0.0,0.0,47,63,33,4.7,180,160,13.0,16.1,-9999,-9999,-9999,-9999,-9999,-9999,-9999,-9999
GHCND:USW00014764,PORTLAND INTERNATIONAL JETPORT ME US,20161012,0.00,0.0,0.0,50,62,37,4.0,160,170,14.1,17.0,-9999,-9999,-9999,-9999,-9999,-9999,-9999,-9999
GHCND:USW00014764,PORTLAND INTERNATIONAL JETPORT ME US,20161013,0.02,0.0,0.0,55,64,44,7.6,300,310,17.0,23.0,-9999,1,-9999,-9999,-9999,-9999,-9999,-9999
GHCND:USW00014764,PORTLAND INTERNATIONAL JETPORT ME US,20161014,0.00,0.0,0.0,51,58,37,8.3,350,350,18.1,25.1,-9999,-9999,-9999,-9999,-9999,-9999,-9999,-9999
GHCND:USW00014764,PORTLAND INTERNATIONAL JETPORT ME US,20161015,0.00,0.0,0.0,42,53,30,3.1,120,150,10.1,13.0,-9999,-9999,-9999,-9999,-9999,-9999,-9999,-9999
GHCND:USW00014764,PORTLAND INTERNATIONAL JETPORT ME US,20161016,0.01,0.0,0.0,48,66,33,5.4,230,240,14.1,18.1,-9999,-9999,-9999,-9999,-9999,-9999,-9999,-9999
GHCND:USW00014764,PORTLAND INTERNATIONAL JETPORT ME US,20161017,0.00,0.0,0.0,62,74,49,5.4,50,150,15.0,19.0,-9999,1,-9999,-9999,1,-9999,-9999,-9999
GHCND:USW00014764,PORTLAND INTERNATIONAL JETPORT ME US,20161018,0.00,0.0,0.0,54,56,50,5.6,90,40,13.0,17.0,-9999,1,-9999,-9999,-9999,-9999,1,-9999
GHCND:USW00014764,PORTLAND INTERNATIONAL JETPORT ME US,20161019,0.01,0.0,0.0,64,78,49,6.0,320,320,21.0,25.9,-9999,1,-9999,-9999,-9999,-9999,-9999,-9999
GHCND:USW00014764,PORTLAND INTERNATIONAL JETPORT ME US,20161020,0.00,0.0,0.0,53,60,40,6.9,100,100,17.0,21.0,-9999,-9999,-9999,-9999,-9999,-9999,-9999,-9999
GHCND:USW00014764,PORTLAND INTERNATIONAL JETPORT ME US,20161021,3.81,0.0,0.0,58,65,55,6.7,330,130,18.1,25.9,-9999,1,-9999,-9999,1,-9999,-9999,1
GHCND:USW00014764,PORTLAND INTERNATIONAL JETPORT ME US,20161022,0.46,0.0,0.0,61,64,43,6.9,260,260,19.9,25.9,-9999,1,-9999,-9999,-9999,-9999,-9999,-9999
GHCND:USW00014764,PORTLAND INTERNATIONAL JETPORT ME US,20161023,0.00,0.0,0.0,46,51,41,15.0,280,270,29.1,38.0,-9999,-9999,-9999,-9999,-9999,-9999,-9999,-9999
GHCND:USW00014764,PORTLAND INTERNATIONAL JETPORT ME US,20161024,0.00,0.0,0.0,47,57,41,11.4,290,280,25.1,31.1,-9999,-9999,-9999,-9999,-9999,-9999,-9999,-9999
GHCND:USW00014764,PORTLAND INTERNATIONAL JETPORT ME US,20161025,0.00,0.0,0.0,42,48,32,10.5,320,320,21.9,29.1,-9999,-9999,-9999,-9999,-9999,-9999,-9999,-9999
GHCND:USW00014764,PORTLAND INTERNATIONAL JETPORT ME US,20161026,0.00,0.0,0.0,39,49,31,10.1,330,360,18.1,25.1,-9999,-9999,-9999,-9999,-9999,-9999,-9999,-9999
GHCND:USW00014764,PORTLAND INTERNATIONAL JETPORT ME US,20161027,0.36,0.0,0.0,39,48,30,6.0,120,130,15.0,19.0,-9999,1,-9999,-9999,-9999,-9999,1,-9999
GHCND:USW00014764,PORTLAND INTERNATIONAL JETPORT ME US,20161028,2.24,0.0,0.0,46,50,40,17.9,60,90,29.1,40.0,-9999,1,-9999,-9999,-9999,-9999,-9999,-9999
GHCND:USW00014764,PORTLAND INTERNATIONAL JETPORT ME US,20161029,0.24,0.0,0.0,42,46,37,4.0,340,330,14.1,19.0,-9999,1,-9999,-9999,-9999,-9999,-9999,-9999
GHCND:USW00014764,PORTLAND INTERNATIONAL JETPORT ME US,20161030,0.05,0.0,0.0,48,57,41,6.3,270,320,13.0,17.0,-9999,-9999,-9999,-9999,-9999,-9999,-9999,-9999
GHCND:USW00014764,PORTLAND INTERNATIONAL JETPORT ME US,20161031,0.00,0.0,0.0,43,50,31,8.9,330,340,18.1,23.9,-9999,-9999,-9999,-9999,-9999,-9999,-9999,-9999
GHCND:USW00014764,PORTLAND INTERNATIONAL JETPORT ME US,20161101,0.00,0.0,0.0,37,50,26,4.7,160,150,13.0,17.0,-9999,-9999,-9999,-9999,-9999,-9999,-9999,-9999
GHCND:USW00014764,PORTLAND INTERNATIONAL JETPORT ME US,20161102,0.00,0.0,0.0,49,61,42,1.6,290,220,8.9,13.0,-9999,-9999,-9999,-9999,-9999,-9999,-9999,-9999
GHCND:USW00014764,PORTLAND INTERNATIONAL JETPORT ME US,20161103,0.80,0.0,0.0,47,52,41,6.5,340,360,16.1,19.9,-9999,1,-9999,-9999,-9999,-9999,-9999,-9999
GHCND:USW00014764,PORTLAND INTERNATIONAL JETPORT ME US,20161104,0.00,0.0,0.0,47,55,28,8.1,330,310,18.1,25.1,-9999,-9999,-9999,-9999,-9999,-9999,-9999,-9999
GHCND:USW00014764,PORTLAND INTERNATIONAL JETPORT ME US,20161105,0.00,0.0,0.0,38,52,25,3.8,240,250,12.1,15.0,-9999,-9999,-9999,-9999,-9999,-9999,-9999,-9999
GHCND:USW00014764,PORTLAND INTERNATIONAL JETPORT ME US,20161106,0.00,0.0,0.0,44,49,36,8.5,360,350,25.9,33.1,-9999,-9999,-9999,-9999,-9999,-9999,-9999,-9999
GHCND:USW00014764,PORTLAND INTERNATIONAL JETPORT ME US,20161107,0.00,0.0,0.0,40,49,30,5.8,350,350,15.0,21.0,-9999,-9999,-9999,-9999,-9999,-9999,-9999,-9999
GHCND:USW00014764,PORTLAND INTERNATIONAL JETPORT ME US,20161108,0.00,0.0,0.0,41,61,28,2.5,170,150,8.1,10.1,-9999,-9999,-9999,-9999,-9999,-9999,-9999,-9999
GHCND:USW00014764,PORTLAND INTERNATIONAL JETPORT ME US,20161109,0.00,0.0,0.0,46,61,37,6.9,360,350,19.9,28.0,-9999,-9999,-9999,-9999,-9999,-9999,-9999,-9999
GHCND:USW00014764,PORTLAND INTERNATIONAL JETPORT ME US,20161110,0.00,0.0,0.0,40,49,26,6.3,220,180,14.1,19.9,-9999,-9999,-9999,-9999,-9999,-9999,-9999,-9999
GHCND:USW00014764,PORTLAND INTERNATIONAL JETPORT ME US,20161111,0.00,0.0,0.0,46,55,36,16.8,310,310,36.0,45.0,-9999,-9999,-9999,-9999,-9999,-9999,-9999,-9999
GHCND:USW00014764,PORTLAND INTERNATIONAL JETPORT ME US,20161112,0.00,0.0,0.0,38,47,27,8.3,320,310,21.0,30.0,-9999,-9999,-9999,-9999,-9999,-9999,-9999,-9999
GHCND:USW00014764,PORTLAND INTERNATIONAL JETPORT ME US,20161113,0.00,0.0,0.0,47,58,35,5.1,260,290,14.1,18.1,-9999,-9999,-9999,-9999,-9999,-9999,-9999,-9999
GHCND:USW00014764,PORTLAND INTERNATIONAL JETPORT ME US,20161114,0.00,0.0,0.0,45,62,30,2.7,100,100,12.1,13.0,-9999,-9999,-9999,-9999,-9999,-9999,-9999,-9999
GHCND:USW00014764,PORTLAND INTERNATIONAL JETPORT ME US,20161115,1.10,0.0,0.0,44,53,38,8.9,50,50,21.0,27.1,-9999,1,-9999,-9999,-9999,-9999,-9999,-9999
GHCND:USW00014764,PORTLAND INTERNATIONAL JETPORT ME US,20161116,0.18,0.0,0.0,53,55,46,7.2,130,130,16.1,23.0,-9999,1,-9999,-9999,1,-9999,-9999,-9999
GHCND:USW00014764,PORTLAND INTERNATIONAL JETPORT ME US,20161117,0.00,0.0,0.0,51,60,42,7.6,330,320,15.0,21.0,-9999,-9999,-9999,-9999,-9999,-9999,-9999,-9999
GHCND:USW00014764,PORTLAND INTERNATIONAL JETPORT ME US,20161118,0.00,0.0,0.0,48,63,38,7.4,340,340,16.1,19.9,-9999,-9999,-9999,-9999,-9999,-9999,-9999,-9999
GHCND:USW00014764,PORTLAND INTERNATIONAL JETPORT ME US,20161119,0.01,0.0,0.0,48,57,40,5.6,20,30,12.1,15.0,-9999,1,-9999,-9999,-9999,-9999,-9999,-9999
GHCND:USW00014764,PORTLAND INTERNATIONAL JETPORT ME US,20161120,0.34,0.0,0.2,46,50,32,11.0,180,210,21.0,30.0,-9999,1,-9999,-9999,-9999,-9999,1,-9999
GHCND:USW00014764,PORTLAND INTERNATIONAL JETPORT ME US,20161121,0.04,0.0,0.3,33,36,29,11.6,280,260,21.0,29.1,-9999,1,-9999,-9999,-9999,-9999,-9999,-9999
GHCND:USW00014764,PORTLAND INTERNATIONAL JETPORT ME US,20161122,0.00,0.0,0.0,33,42,28,10.7,280,300,21.9,28.0,-9999,-9999,-9999,-9999,-9999,-9999,-9999,-9999
GHCND:USW00014764,PORTLAND INTERNATIONAL JETPORT ME US,20161123,0.00,0.0,0.0,35,44,27,11.9,330,330,25.1,32.0,-9999,-9999,-9999,-9999,-9999,-9999,-9999,-9999
GHCND:USW00014764,PORTLAND INTERNATIONAL JETPORT ME US,20161124,0.01,0.0,0.0,32,37,27,4.7,30,20,8.9,12.1,-9999,1,-9999,-9999,-9999,-9999,-9999,-9999
GHCND:USW00014764,PORTLAND INTERNATIONAL JETPORT ME US,20161125,0.15,0.0,0.0,35,38,33,4.7,280,280,8.9,11.0,-9999,1,-9999,-9999,-9999,-9999,-9999,-9999
GHCND:USW00014764,PORTLAND INTERNATIONAL JETPORT ME US,20161126,0.03,0.0,0.0,38,47,33,4.9,330,330,12.1,16.1,-9999,1,-9999,-9999,1,-9999,1,-9999
GHCND:USW00014764,PORTLAND INTERNATIONAL JETPORT ME US,20161127,0.00,0.0,0.0,39,41,28,8.5,330,320,16.1,21.0,-9999,-9999,-9999,-9999,-9999,-9999,-9999,-9999
GHCND:USW00014764,PORTLAND INTERNATIONAL JETPORT ME US,20161128,0.00,0.0,0.0,34,43,24,6.5,300,320,15.0,21.0,-9999,-9999,-9999,-9999,-9999,-9999,-9999,-9999
GHCND:USW00014764,PORTLAND INTERNATIONAL JETPORT ME US,20161129,1.21,0.0,0.0,33,50,23,4.7,320,140,13.0,19.0,-9999,1,-9999,-9999,-9999,-9999,-9999,-9999
GHCND:USW00014764,PORTLAND INTERNATIONAL JETPORT ME US,20161130,0.19,0.0,0.0,40,42,34,6.9,60,40,15.0,19.9,-9999,1,-9999,-9999,-9999,-9999,-9999,-9999
GHCND:USW00014764,PORTLAND INTERNATIONAL JETPORT ME US,20161201,1.12,0.0,0.0,45,52,41,12.5,90,80,25.9,34.0,-9999,1,-9999,-9999,-9999,-9999,-9999,-9999
GHCND:USW00014764,PORTLAND INTERNATIONAL JETPORT ME US,20161202,0.00,0.0,0.0,43,50,33,8.7,270,260,19.9,25.1,-9999,-9999,-9999,-9999,-9999,-9999,-9999,-9999
GHCND:USW00014764,PORTLAND INTERNATIONAL JETPORT ME US,20161203,0.00,0.0,0.0,39,46,33,11.0,350,350,23.0,33.1,-9999,-9999,-9999,-9999,-9999,-9999,-9999,-9999
GHCND:USW00014764,PORTLAND INTERNATIONAL JETPORT ME US,20161204,0.00,0.0,0.0,35,41,24,8.9,330,320,18.1,27.1,-9999,-9999,-9999,-9999,-9999,-9999,-9999,-9999
GHCND:USW00014764,PORTLAND INTERNATIONAL JETPORT ME US,20161205,0.16,0.0,2.1,27,30,20,4.7,30,30,8.9,12.1,-9999,1,-9999,-9999,-9999,-9999,-9999,-9999
GHCND:USW00014764,PORTLAND INTERNATIONAL JETPORT ME US,20161206,0.00,2.0,0.0,28,39,16,3.8,310,330,10.1,14.1,-9999,-9999,-9999,-9999,-9999,-9999,-9999,-9999
GHCND:USW00014764,PORTLAND INTERNATIONAL JETPORT ME US,20161207,0.03,1.2,0.1,30,35,28,3.6,350,360,8.9,11.0,-9999,1,-9999,-9999,1,-9999,-9999,-9999
GHCND:USW00014764,PORTLAND INTERNATIONAL JETPORT ME US,20161208,0.00,0.0,0.0,33,42,26,5.6,270,280,15.0,19.0,-9999,1,-9999,-9999,1,-9999,-9999,-9999
GHCND:USW00014764,PORTLAND INTERNATIONAL JETPORT ME US,20161209,0.00,0.0,0.0,31,33,21,12.3,290,300,23.0,33.1,-9999,-9999,-9999,-9999,-9999,-9999,-9999,-9999
GHCND:USW00014764,PORTLAND INTERNATIONAL JETPORT ME US,20161210,0.00,0.0,0.0,21,27,11,6.9,340,360,18.1,25.1,-9999,-9999,-9999,-9999,-9999,-9999,-9999,-9999
GHCND:USW00014764,PORTLAND INTERNATIONAL JETPORT ME US,20161211,0.00,0.0,0.0,18,31,8,3.4,270,260,12.1,14.1,-9999,1,-9999,-9999,-9999,-9999,-9999,-9999
GHCND:USW00014764,PORTLAND INTERNATIONAL JETPORT ME US,20161212,0.65,3.1,4.0,28,33,21,4.9,10,320,16.1,19.9,-9999,1,-9999,-9999,-9999,-9999,-9999,-9999
GHCND:USW00014764,PORTLAND INTERNATIONAL JETPORT ME US,20161213,0.00,3.9,0.0,29,36,23,4.3,230,220,15.0,21.9,-9999,-9999,-9999,-9999,-9999,-9999,-9999,-9999
GHCND:USW00014764,PORTLAND INTERNATIONAL JETPORT ME US,20161214,0.01,3.1,0.0,33,39,22,7.6,280,270,21.0,25.1,-9999,1,-9999,-9999,-9999,-9999,-9999,-9999
GHCND:USW00014764,PORTLAND INTERNATIONAL JETPORT ME US,20161215,0.00,3.1,0.0,22,26,2,13.0,300,290,31.1,42.9,-9999,-9999,-9999,-9999,-9999,-9999,1,-9999
GHCND:USW00014764,PORTLAND INTERNATIONAL JETPORT ME US,20161216,0.00,3.1,0.0,4,9,-3,10.5,290,300,32.0,40.9,-9999,-9999,-9999,-9999,-9999,-9999,-9999,-9999
GHCND:USW00014764,PORTLAND INTERNATIONAL JETPORT ME US,20161217,0.53,3.1,4.4,12,21,3,4.5,310,330,13.0,16.1,-9999,1,1,-9999,1,-9999,-9999,-9999
GHCND:USW00014764,PORTLAND INTERNATIONAL JETPORT ME US,20161218,0.49,7.1,0.0,31,49,21,7.8,280,290,25.1,30.0,-9999,1,1,-9999,-9999,-9999,-9999,-9999
GHCND:USW00014764,PORTLAND INTERNATIONAL JETPORT ME US,20161219,0.00,3.9,0.0,22,28,5,6.3,310,310,18.1,29.1,-9999,-9999,-9999,-9999,-9999,-9999,-9999,-9999
GHCND:USW00014764,PORTLAND INTERNATIONAL JETPORT ME US,20161220,0.00,3.9,0.0,13,30,2,5.1,210,200,14.1,18.1,-9999,-9999,-9999,-9999,-9999,-9999,-9999,-9999
GHCND:USW00014764,PORTLAND INTERNATIONAL JETPORT ME US,20161221,0.00,3.9,0.0,31,41,23,8.9,270,270,16.1,19.9,-9999,-9999,-9999,-9999,-9999,-9999,-9999,-9999
GHCND:USW00014764,PORTLAND INTERNATIONAL JETPORT ME US,20161222,0.08,3.1,0.5,32,33,27,5.1,290,210,12.1,16.1,-9999,1,-9999,-9999,-9999,-9999,-9999,-9999
GHCND:USW00014764,PORTLAND INTERNATIONAL JETPORT ME US,20161223,0.00,3.9,0.0,33,41,24,6.7,240,250,14.1,19.0,-9999,-9999,-9999,-9999,-9999,-9999,-9999,-9999
GHCND:USW00014764,PORTLAND INTERNATIONAL JETPORT ME US,20161224,0.14,3.1,0.0,35,40,33,7.6,200,190,16.1,21.9,-9999,1,-9999,-9999,-9999,-9999,-9999,-9999
GHCND:USW00014764,PORTLAND INTERNATIONAL JETPORT ME US,20161225,0.00,2.0,0.0,35,40,19,10.1,330,340,25.1,35.1,-9999,-9999,-9999,-9999,-9999,-9999,-9999,-9999
GHCND:USW00014764,PORTLAND INTERNATIONAL JETPORT ME US,20161226,0.02,2.0,0.0,21,39,14,4.9,210,210,17.0,25.1,-9999,1,-9999,-9999,-9999,-9999,-9999,-9999
GHCND:USW00014764,PORTLAND INTERNATIONAL JETPORT ME US,20161227,0.12,2.0,0.0,43,53,30,9.2,260,250,25.1,38.9,-9999,1,-9999,-9999,-9999,-9999,-9999,-9999
GHCND:USW00014764,PORTLAND INTERNATIONAL JETPORT ME US,20161228,0.00,0.0,0.0,35,39,27,7.2,300,290,17.0,21.9,-9999,-9999,-9999,-9999,-9999,-9999,-9999,-9999
GHCND:USW00014764,PORTLAND INTERNATIONAL JETPORT ME US,20161229,1.59,0.0,4.5,26,39,23,8.1,290,290,23.0,32.0,-9999,1,1,-9999,1,-9999,-9999,1
GHCND:USW00014764,PORTLAND INTERNATIONAL JETPORT ME US,20161230,0.25,5.9,3.2,34,37,20,12.8,290,280,23.0,30.0,-9999,1,-9999,-9999,1,-9999,-9999,-9999
GHCND:USW00014764,PORTLAND INTERNATIONAL JETPORT ME US,20161231,0.12,5.1,0.1,25,36,12,7.2,200,200,17.0,23.0,-9999,1,-9999,-9999,-9999,-9999,-9999,-9999
